params,return,win_rate,trades,params_str
"{'rsi_window': 5, 'sma_window': 60, 'buy_threshold': 35, 'sell_threshold': 70, 'max_holding_days': 30}",99.74288528185025,62.4441132637854,671,"{'rsi_window': 5, 'sma_window': 60, 'buy_threshold': 35, 'sell_threshold': 70, 'max_holding_days': 30}"
"{'rsi_window': 5, 'sma_window': 50, 'buy_threshold': 35, 'sell_threshold': 75, 'max_holding_days': 30}",85.74576170660022,60.13864818024264,577,"{'rsi_window': 5, 'sma_window': 50, 'buy_threshold': 35, 'sell_threshold': 75, 'max_holding_days': 30}"
"{'rsi_window': 5, 'sma_window': 60, 'buy_threshold': 35, 'sell_threshold': 70, 'max_holding_days': 40}",75.19562917985016,63.90728476821192,604,"{'rsi_window': 5, 'sma_window': 60, 'buy_threshold': 35, 'sell_threshold': 70, 'max_holding_days': 40}"
"{'rsi_window': 4, 'sma_window': 60, 'buy_threshold': 30, 'sell_threshold': 75, 'max_holding_days': 40}",67.85520772045017,63.7123745819398,598,"{'rsi_window': 4, 'sma_window': 60, 'buy_threshold': 30, 'sell_threshold': 75, 'max_holding_days': 40}"
"{'rsi_window': 3, 'sma_window': 60, 'buy_threshold': 25, 'sell_threshold': 70, 'max_holding_days': 30}",58.36319511405018,65.06024096385542,1079,"{'rsi_window': 3, 'sma_window': 60, 'buy_threshold': 25, 'sell_threshold': 70, 'max_holding_days': 30}"
"{'rsi_window': 3, 'sma_window': 60, 'buy_threshold': 30, 'sell_threshold': 70, 'max_holding_days': 30}",57.37611793490041,63.992869875222816,1122,"{'rsi_window': 3, 'sma_window': 60, 'buy_threshold': 30, 'sell_threshold': 70, 'max_holding_days': 30}"
"{'rsi_window': 5, 'sma_window': 50, 'buy_threshold': 25, 'sell_threshold': 75, 'max_holding_days': 40}",54.45804341410002,62.62135922330098,412,"{'rsi_window': 5, 'sma_window': 50, 'buy_threshold': 25, 'sell_threshold': 75, 'max_holding_days': 40}"
"{'rsi_window': 5, 'sma_window': 60, 'buy_threshold': 35, 'sell_threshold': 75, 'max_holding_days': 30}",54.124438122000164,58.081705150976916,563,"{'rsi_window': 5, 'sma_window': 60, 'buy_threshold': 35, 'sell_threshold': 75, 'max_holding_days': 30}"
"{'rsi_window': 5, 'sma_window': 60, 'buy_threshold': 25, 'sell_threshold': 75, 'max_holding_days': 40}",53.864011038000136,60.747663551401864,428,"{'rsi_window': 5, 'sma_window': 60, 'buy_threshold': 25, 'sell_threshold': 75, 'max_holding_days': 40}"
"{'rsi_window': 4, 'sma_window': 60, 'buy_threshold': 35, 'sell_threshold': 75, 'max_holding_days': 40}",53.03240951230019,63.32794830371567,619,"{'rsi_window': 4, 'sma_window': 60, 'buy_threshold': 35, 'sell_threshold': 75, 'max_holding_days': 40}"
"{'rsi_window': 3, 'sma_window': 60, 'buy_threshold': 25, 'sell_threshold': 70, 'max_holding_days': 40}",52.48985324390015,65.15580736543909,1059,"{'rsi_window': 3, 'sma_window': 60, 'buy_threshold': 25, 'sell_threshold': 70, 'max_holding_days': 40}"
"{'rsi_window': 5, 'sma_window': 100, 'buy_threshold': 25, 'sell_threshold': 75, 'max_holding_days': 30}",50.43968529690013,53.95833333333333,480,"{'rsi_window': 5, 'sma_window': 100, 'buy_threshold': 25, 'sell_threshold': 75, 'max_holding_days': 30}"
"{'rsi_window': 5, 'sma_window': 60, 'buy_threshold': 25, 'sell_threshold': 75, 'max_holding_days': 30}",48.43578847620028,58.40336134453782,476,"{'rsi_window': 5, 'sma_window': 60, 'buy_threshold': 25, 'sell_threshold': 75, 'max_holding_days': 30}"
"{'rsi_window': 4, 'sma_window': 60, 'buy_threshold': 30, 'sell_threshold': 75, 'max_holding_days': 30}",48.22995489950022,59.818731117824775,662,"{'rsi_window': 4, 'sma_window': 60, 'buy_threshold': 30, 'sell_threshold': 75, 'max_holding_days': 30}"
"{'rsi_window': 5, 'sma_window': 100, 'buy_threshold': 25, 'sell_threshold': 70, 'max_holding_days': 40}",46.638376868250134,60.24340770791075,493,"{'rsi_window': 5, 'sma_window': 100, 'buy_threshold': 25, 'sell_threshold': 70, 'max_holding_days': 40}"
"{'rsi_window': 5, 'sma_window': 60, 'buy_threshold': 35, 'sell_threshold': 75, 'max_holding_days': 40}",45.461050419750094,62.39495798319328,476,"{'rsi_window': 5, 'sma_window': 60, 'buy_threshold': 35, 'sell_threshold': 75, 'max_holding_days': 40}"
"{'rsi_window': 5, 'sma_window': 50, 'buy_threshold': 35, 'sell_threshold': 75, 'max_holding_days': 40}",43.513338687300234,62.37424547283702,497,"{'rsi_window': 5, 'sma_window': 50, 'buy_threshold': 35, 'sell_threshold': 75, 'max_holding_days': 40}"
"{'rsi_window': 5, 'sma_window': 50, 'buy_threshold': 35, 'sell_threshold': 70, 'max_holding_days': 30}",41.24160689670015,63.33830104321908,671,"{'rsi_window': 5, 'sma_window': 50, 'buy_threshold': 35, 'sell_threshold': 70, 'max_holding_days': 30}"
"{'rsi_window': 5, 'sma_window': 100, 'buy_threshold': 25, 'sell_threshold': 75, 'max_holding_days': 40}",40.51291040190014,57.14285714285714,420,"{'rsi_window': 5, 'sma_window': 100, 'buy_threshold': 25, 'sell_threshold': 75, 'max_holding_days': 40}"
"{'rsi_window': 5, 'sma_window': 100, 'buy_threshold': 35, 'sell_threshold': 75, 'max_holding_days': 30}",39.61198880350011,54.67889908256881,545,"{'rsi_window': 5, 'sma_window': 100, 'buy_threshold': 35, 'sell_threshold': 75, 'max_holding_days': 30}"
"{'rsi_window': 5, 'sma_window': 100, 'buy_threshold': 25, 'sell_threshold': 70, 'max_holding_days': 30}",37.34750213850003,60.366972477064216,545,"{'rsi_window': 5, 'sma_window': 100, 'buy_threshold': 25, 'sell_threshold': 70, 'max_holding_days': 30}"
"{'rsi_window': 3, 'sma_window': 60, 'buy_threshold': 30, 'sell_threshold': 70, 'max_holding_days': 40}",37.18178111300063,63.83363471971067,1106,"{'rsi_window': 3, 'sma_window': 60, 'buy_threshold': 30, 'sell_threshold': 70, 'max_holding_days': 40}"
"{'rsi_window': 4, 'sma_window': 60, 'buy_threshold': 25, 'sell_threshold': 75, 'max_holding_days': 30}",35.85160192365014,60.76555023923444,627,"{'rsi_window': 4, 'sma_window': 60, 'buy_threshold': 25, 'sell_threshold': 75, 'max_holding_days': 30}"
"{'rsi_window': 5, 'sma_window': 100, 'buy_threshold': 35, 'sell_threshold': 75, 'max_holding_days': 40}",29.021735910250086,56.90021231422505,471,"{'rsi_window': 5, 'sma_window': 100, 'buy_threshold': 35, 'sell_threshold': 75, 'max_holding_days': 40}"
"{'rsi_window': 5, 'sma_window': 60, 'buy_threshold': 25, 'sell_threshold': 70, 'max_holding_days': 30}",27.870281332650183,63.51851851851852,540,"{'rsi_window': 5, 'sma_window': 60, 'buy_threshold': 25, 'sell_threshold': 70, 'max_holding_days': 30}"
"{'rsi_window': 5, 'sma_window': 50, 'buy_threshold': 35, 'sell_threshold': 70, 'max_holding_days': 40}",24.813407046850042,64.66666666666666,600,"{'rsi_window': 5, 'sma_window': 50, 'buy_threshold': 35, 'sell_threshold': 70, 'max_holding_days': 40}"
"{'rsi_window': 4, 'sma_window': 100, 'buy_threshold': 25, 'sell_threshold': 70, 'max_holding_days': 40}",22.253229417750152,62.4251497005988,668,"{'rsi_window': 4, 'sma_window': 100, 'buy_threshold': 25, 'sell_threshold': 70, 'max_holding_days': 40}"
"{'rsi_window': 3, 'sma_window': 50, 'buy_threshold': 25, 'sell_threshold': 70, 'max_holding_days': 40}",22.118441950300337,64.98572787821124,1051,"{'rsi_window': 3, 'sma_window': 50, 'buy_threshold': 25, 'sell_threshold': 70, 'max_holding_days': 40}"
"{'rsi_window': 4, 'sma_window': 60, 'buy_threshold': 30, 'sell_threshold': 70, 'max_holding_days': 30}",22.097659353150235,61.558109833971905,783,"{'rsi_window': 4, 'sma_window': 60, 'buy_threshold': 30, 'sell_threshold': 70, 'max_holding_days': 30}"
"{'rsi_window': 5, 'sma_window': 100, 'buy_threshold': 30, 'sell_threshold': 75, 'max_holding_days': 40}",18.758217319350166,58.22222222222222,450,"{'rsi_window': 5, 'sma_window': 100, 'buy_threshold': 30, 'sell_threshold': 75, 'max_holding_days': 40}"
"{'rsi_window': 5, 'sma_window': 60, 'buy_threshold': 25, 'sell_threshold': 70, 'max_holding_days': 40}",18.128026898450226,62.55144032921811,486,"{'rsi_window': 5, 'sma_window': 60, 'buy_threshold': 25, 'sell_threshold': 70, 'max_holding_days': 40}"
"{'rsi_window': 5, 'sma_window': 100, 'buy_threshold': 35, 'sell_threshold': 70, 'max_holding_days': 40}",17.55339747600016,60.89965397923876,578,"{'rsi_window': 5, 'sma_window': 100, 'buy_threshold': 35, 'sell_threshold': 70, 'max_holding_days': 40}"
"{'rsi_window': 3, 'sma_window': 60, 'buy_threshold': 25, 'sell_threshold': 75, 'max_holding_days': 30}",15.199303735550195,63.6978579481398,887,"{'rsi_window': 3, 'sma_window': 60, 'buy_threshold': 25, 'sell_threshold': 75, 'max_holding_days': 30}"
"{'rsi_window': 5, 'sma_window': 100, 'buy_threshold': 30, 'sell_threshold': 75, 'max_holding_days': 30}",10.6696560151501,55.23255813953488,516,"{'rsi_window': 5, 'sma_window': 100, 'buy_threshold': 30, 'sell_threshold': 75, 'max_holding_days': 30}"
"{'rsi_window': 3, 'sma_window': 50, 'buy_threshold': 30, 'sell_threshold': 70, 'max_holding_days': 30}",9.13677818655029,62.713387241689134,1113,"{'rsi_window': 3, 'sma_window': 50, 'buy_threshold': 30, 'sell_threshold': 70, 'max_holding_days': 30}"
"{'rsi_window': 4, 'sma_window': 60, 'buy_threshold': 35, 'sell_threshold': 75, 'max_holding_days': 30}",8.227223571100176,59.499263622974965,679,"{'rsi_window': 4, 'sma_window': 60, 'buy_threshold': 35, 'sell_threshold': 75, 'max_holding_days': 30}"
"{'rsi_window': 5, 'sma_window': 60, 'buy_threshold': 30, 'sell_threshold': 70, 'max_holding_days': 40}",5.905783850950152,61.94852941176471,544,"{'rsi_window': 5, 'sma_window': 60, 'buy_threshold': 30, 'sell_threshold': 70, 'max_holding_days': 40}"
"{'rsi_window': 4, 'sma_window': 50, 'buy_threshold': 25, 'sell_threshold': 75, 'max_holding_days': 40}",5.865898817850217,62.30088495575221,565,"{'rsi_window': 4, 'sma_window': 50, 'buy_threshold': 25, 'sell_threshold': 75, 'max_holding_days': 40}"
"{'rsi_window': 4, 'sma_window': 60, 'buy_threshold': 25, 'sell_threshold': 75, 'max_holding_days': 40}",5.416376741800129,61.89624329159212,559,"{'rsi_window': 4, 'sma_window': 60, 'buy_threshold': 25, 'sell_threshold': 75, 'max_holding_days': 40}"
"{'rsi_window': 5, 'sma_window': 50, 'buy_threshold': 25, 'sell_threshold': 70, 'max_holding_days': 30}",3.222319455550059,62.74131274131274,518,"{'rsi_window': 5, 'sma_window': 50, 'buy_threshold': 25, 'sell_threshold': 70, 'max_holding_days': 30}"
"{'rsi_window': 3, 'sma_window': 50, 'buy_threshold': 30, 'sell_threshold': 70, 'max_holding_days': 40}",2.9714831553003043,62.786434463794684,1091,"{'rsi_window': 3, 'sma_window': 50, 'buy_threshold': 30, 'sell_threshold': 70, 'max_holding_days': 40}"
"{'rsi_window': 5, 'sma_window': 50, 'buy_threshold': 30, 'sell_threshold': 70, 'max_holding_days': 40}",2.032781254850164,62.22222222222222,540,"{'rsi_window': 5, 'sma_window': 50, 'buy_threshold': 30, 'sell_threshold': 70, 'max_holding_days': 40}"
"{'rsi_window': 4, 'sma_window': 100, 'buy_threshold': 25, 'sell_threshold': 75, 'max_holding_days': 40}",1.1225944544501156,60.62271062271062,546,"{'rsi_window': 4, 'sma_window': 100, 'buy_threshold': 25, 'sell_threshold': 75, 'max_holding_days': 40}"
"{'rsi_window': 4, 'sma_window': 50, 'buy_threshold': 30, 'sell_threshold': 75, 'max_holding_days': 30}",-0.15609169439984857,60.48265460030166,663,"{'rsi_window': 4, 'sma_window': 50, 'buy_threshold': 30, 'sell_threshold': 75, 'max_holding_days': 30}"
"{'rsi_window': 5, 'sma_window': 100, 'buy_threshold': 30, 'sell_threshold': 70, 'max_holding_days': 30}",-2.0875005366998765,61.52570480928689,603,"{'rsi_window': 5, 'sma_window': 100, 'buy_threshold': 30, 'sell_threshold': 70, 'max_holding_days': 30}"
"{'rsi_window': 3, 'sma_window': 50, 'buy_threshold': 25, 'sell_threshold': 70, 'max_holding_days': 30}",-2.5600180439998357,64.39252336448598,1070,"{'rsi_window': 3, 'sma_window': 50, 'buy_threshold': 25, 'sell_threshold': 70, 'max_holding_days': 30}"
"{'rsi_window': 5, 'sma_window': 50, 'buy_threshold': 25, 'sell_threshold': 70, 'max_holding_days': 40}",-2.6262003623999957,62.37006237006237,481,"{'rsi_window': 5, 'sma_window': 50, 'buy_threshold': 25, 'sell_threshold': 70, 'max_holding_days': 40}"
"{'rsi_window': 4, 'sma_window': 50, 'buy_threshold': 30, 'sell_threshold': 75, 'max_holding_days': 40}",-3.9659003372998387,62.414965986394556,588,"{'rsi_window': 4, 'sma_window': 50, 'buy_threshold': 30, 'sell_threshold': 75, 'max_holding_days': 40}"
"{'rsi_window': 5, 'sma_window': 60, 'buy_threshold': 30, 'sell_threshold': 75, 'max_holding_days': 30}",-4.870964817099869,55.4054054054054,518,"{'rsi_window': 5, 'sma_window': 60, 'buy_threshold': 30, 'sell_threshold': 75, 'max_holding_days': 30}"
"{'rsi_window': 4, 'sma_window': 60, 'buy_threshold': 25, 'sell_threshold': 70, 'max_holding_days': 40}",-5.224537470349937,62.664714494875554,683,"{'rsi_window': 4, 'sma_window': 60, 'buy_threshold': 25, 'sell_threshold': 70, 'max_holding_days': 40}"
"{'rsi_window': 5, 'sma_window': 100, 'buy_threshold': 35, 'sell_threshold': 70, 'max_holding_days': 30}",-5.754572745349914,62.30283911671924,634,"{'rsi_window': 5, 'sma_window': 100, 'buy_threshold': 35, 'sell_threshold': 70, 'max_holding_days': 30}"
"{'rsi_window': 3, 'sma_window': 60, 'buy_threshold': 30, 'sell_threshold': 75, 'max_holding_days': 30}",-6.204898008099794,62.227074235807855,916,"{'rsi_window': 3, 'sma_window': 60, 'buy_threshold': 30, 'sell_threshold': 75, 'max_holding_days': 30}"
"{'rsi_window': 5, 'sma_window': 60, 'buy_threshold': 30, 'sell_threshold': 75, 'max_holding_days': 40}",-7.809840682149857,61.050328227571114,457,"{'rsi_window': 5, 'sma_window': 60, 'buy_threshold': 30, 'sell_threshold': 75, 'max_holding_days': 40}"
"{'rsi_window': 5, 'sma_window': 50, 'buy_threshold': 25, 'sell_threshold': 75, 'max_holding_days': 30}",-9.841089195899963,57.01559020044543,449,"{'rsi_window': 5, 'sma_window': 50, 'buy_threshold': 25, 'sell_threshold': 75, 'max_holding_days': 30}"
"{'rsi_window': 3, 'sma_window': 100, 'buy_threshold': 25, 'sell_threshold': 70, 'max_holding_days': 40}",-11.582245648399711,61.7533718689788,1038,"{'rsi_window': 3, 'sma_window': 100, 'buy_threshold': 25, 'sell_threshold': 70, 'max_holding_days': 40}"
"{'rsi_window': 4, 'sma_window': 100, 'buy_threshold': 25, 'sell_threshold': 70, 'max_holding_days': 30}",-12.165908889449804,61.18143459915611,711,"{'rsi_window': 4, 'sma_window': 100, 'buy_threshold': 25, 'sell_threshold': 70, 'max_holding_days': 30}"
"{'rsi_window': 5, 'sma_window': 100, 'buy_threshold': 30, 'sell_threshold': 70, 'max_holding_days': 40}",-13.144939445899933,60.1113172541744,539,"{'rsi_window': 5, 'sma_window': 100, 'buy_threshold': 30, 'sell_threshold': 70, 'max_holding_days': 40}"
"{'rsi_window': 5, 'sma_window': 50, 'buy_threshold': 30, 'sell_threshold': 75, 'max_holding_days': 30}",-13.980879148599923,57.22543352601156,519,"{'rsi_window': 5, 'sma_window': 50, 'buy_threshold': 30, 'sell_threshold': 75, 'max_holding_days': 30}"
"{'rsi_window': 3, 'sma_window': 50, 'buy_threshold': 35, 'sell_threshold': 70, 'max_holding_days': 30}",-15.330091505549609,62.33538191395961,1139,"{'rsi_window': 3, 'sma_window': 50, 'buy_threshold': 35, 'sell_threshold': 70, 'max_holding_days': 30}"
"{'rsi_window': 3, 'sma_window': 100, 'buy_threshold': 30, 'sell_threshold': 75, 'max_holding_days': 40}",-15.779398566649824,62.1683967704729,867,"{'rsi_window': 3, 'sma_window': 100, 'buy_threshold': 30, 'sell_threshold': 75, 'max_holding_days': 40}"
"{'rsi_window': 4, 'sma_window': 50, 'buy_threshold': 30, 'sell_threshold': 70, 'max_holding_days': 40}",-16.747698295299784,61.885245901639344,732,"{'rsi_window': 4, 'sma_window': 50, 'buy_threshold': 30, 'sell_threshold': 70, 'max_holding_days': 40}"
"{'rsi_window': 4, 'sma_window': 100, 'buy_threshold': 35, 'sell_threshold': 70, 'max_holding_days': 30}",-16.89177175344974,61.832061068702295,786,"{'rsi_window': 4, 'sma_window': 100, 'buy_threshold': 35, 'sell_threshold': 70, 'max_holding_days': 30}"
"{'rsi_window': 4, 'sma_window': 60, 'buy_threshold': 30, 'sell_threshold': 70, 'max_holding_days': 40}",-17.307952368449808,61.04972375690608,724,"{'rsi_window': 4, 'sma_window': 60, 'buy_threshold': 30, 'sell_threshold': 70, 'max_holding_days': 40}"
"{'rsi_window': 3, 'sma_window': 60, 'buy_threshold': 35, 'sell_threshold': 70, 'max_holding_days': 40}",-17.687372766799733,63.23396567299007,1107,"{'rsi_window': 3, 'sma_window': 60, 'buy_threshold': 35, 'sell_threshold': 70, 'max_holding_days': 40}"
"{'rsi_window': 3, 'sma_window': 100, 'buy_threshold': 25, 'sell_threshold': 75, 'max_holding_days': 40}",-17.94169398864986,62.47002398081535,834,"{'rsi_window': 3, 'sma_window': 100, 'buy_threshold': 25, 'sell_threshold': 75, 'max_holding_days': 40}"
"{'rsi_window': 4, 'sma_window': 100, 'buy_threshold': 30, 'sell_threshold': 75, 'max_holding_days': 40}",-17.984810098099917,59.964093357271096,557,"{'rsi_window': 4, 'sma_window': 100, 'buy_threshold': 30, 'sell_threshold': 75, 'max_holding_days': 40}"
"{'rsi_window': 3, 'sma_window': 100, 'buy_threshold': 30, 'sell_threshold': 70, 'max_holding_days': 30}",-18.5767113964497,63.03360581289736,1101,"{'rsi_window': 3, 'sma_window': 100, 'buy_threshold': 30, 'sell_threshold': 70, 'max_holding_days': 30}"
"{'rsi_window': 3, 'sma_window': 50, 'buy_threshold': 25, 'sell_threshold': 75, 'max_holding_days': 40}",-18.607867765949845,63.94399066511085,857,"{'rsi_window': 3, 'sma_window': 50, 'buy_threshold': 25, 'sell_threshold': 75, 'max_holding_days': 40}"
"{'rsi_window': 3, 'sma_window': 50, 'buy_threshold': 35, 'sell_threshold': 70, 'max_holding_days': 40}",-20.14192698324962,62.95636687444346,1123,"{'rsi_window': 3, 'sma_window': 50, 'buy_threshold': 35, 'sell_threshold': 70, 'max_holding_days': 40}"
"{'rsi_window': 3, 'sma_window': 100, 'buy_threshold': 30, 'sell_threshold': 75, 'max_holding_days': 30}",-20.365598118249835,61.81015452538632,906,"{'rsi_window': 3, 'sma_window': 100, 'buy_threshold': 30, 'sell_threshold': 75, 'max_holding_days': 30}"
"{'rsi_window': 3, 'sma_window': 100, 'buy_threshold': 25, 'sell_threshold': 75, 'max_holding_days': 30}",-21.305169102699786,61.757990867579906,876,"{'rsi_window': 3, 'sma_window': 100, 'buy_threshold': 25, 'sell_threshold': 75, 'max_holding_days': 30}"
"{'rsi_window': 3, 'sma_window': 50, 'buy_threshold': 30, 'sell_threshold': 75, 'max_holding_days': 40}",-21.377933761399763,63.60544217687075,882,"{'rsi_window': 3, 'sma_window': 50, 'buy_threshold': 30, 'sell_threshold': 75, 'max_holding_days': 40}"
"{'rsi_window': 3, 'sma_window': 60, 'buy_threshold': 35, 'sell_threshold': 70, 'max_holding_days': 30}",-21.57606607414964,63.05506216696269,1126,"{'rsi_window': 3, 'sma_window': 60, 'buy_threshold': 35, 'sell_threshold': 70, 'max_holding_days': 30}"
"{'rsi_window': 5, 'sma_window': 60, 'buy_threshold': 30, 'sell_threshold': 70, 'max_holding_days': 30}",-21.944610905149847,60.367892976588635,598,"{'rsi_window': 5, 'sma_window': 60, 'buy_threshold': 30, 'sell_threshold': 70, 'max_holding_days': 30}"
"{'rsi_window': 3, 'sma_window': 100, 'buy_threshold': 30, 'sell_threshold': 70, 'max_holding_days': 40}",-22.651489333249806,62.39554317548747,1077,"{'rsi_window': 3, 'sma_window': 100, 'buy_threshold': 30, 'sell_threshold': 70, 'max_holding_days': 40}"
"{'rsi_window': 3, 'sma_window': 100, 'buy_threshold': 25, 'sell_threshold': 70, 'max_holding_days': 30}",-24.858403039999814,61.63342830009497,1053,"{'rsi_window': 3, 'sma_window': 100, 'buy_threshold': 25, 'sell_threshold': 70, 'max_holding_days': 30}"
"{'rsi_window': 4, 'sma_window': 50, 'buy_threshold': 35, 'sell_threshold': 70, 'max_holding_days': 40}",-27.014832015149803,61.96078431372549,765,"{'rsi_window': 4, 'sma_window': 50, 'buy_threshold': 35, 'sell_threshold': 70, 'max_holding_days': 40}"
"{'rsi_window': 4, 'sma_window': 100, 'buy_threshold': 25, 'sell_threshold': 75, 'max_holding_days': 30}",-27.263318388799828,59.240924092409244,606,"{'rsi_window': 4, 'sma_window': 100, 'buy_threshold': 25, 'sell_threshold': 75, 'max_holding_days': 30}"
"{'rsi_window': 3, 'sma_window': 100, 'buy_threshold': 35, 'sell_threshold': 70, 'max_holding_days': 30}",-29.089407727099807,63.1154879140555,1117,"{'rsi_window': 3, 'sma_window': 100, 'buy_threshold': 35, 'sell_threshold': 70, 'max_holding_days': 30}"
"{'rsi_window': 3, 'sma_window': 60, 'buy_threshold': 30, 'sell_threshold': 75, 'max_holding_days': 40}",-29.800203419749856,61.88850967007964,879,"{'rsi_window': 3, 'sma_window': 60, 'buy_threshold': 30, 'sell_threshold': 75, 'max_holding_days': 40}"
"{'rsi_window': 4, 'sma_window': 50, 'buy_threshold': 35, 'sell_threshold': 75, 'max_holding_days': 40}",-31.29216263434993,60.03372681281619,593,"{'rsi_window': 4, 'sma_window': 50, 'buy_threshold': 35, 'sell_threshold': 75, 'max_holding_days': 40}"
"{'rsi_window': 4, 'sma_window': 100, 'buy_threshold': 35, 'sell_threshold': 75, 'max_holding_days': 40}",-31.454942702349868,60.17241379310345,580,"{'rsi_window': 4, 'sma_window': 100, 'buy_threshold': 35, 'sell_threshold': 75, 'max_holding_days': 40}"
"{'rsi_window': 3, 'sma_window': 50, 'buy_threshold': 30, 'sell_threshold': 75, 'max_holding_days': 30}",-31.704134633999693,62.75787187839305,921,"{'rsi_window': 3, 'sma_window': 50, 'buy_threshold': 30, 'sell_threshold': 75, 'max_holding_days': 30}"
"{'rsi_window': 4, 'sma_window': 100, 'buy_threshold': 30, 'sell_threshold': 70, 'max_holding_days': 40}",-31.936430480299887,60.9129814550642,701,"{'rsi_window': 4, 'sma_window': 100, 'buy_threshold': 30, 'sell_threshold': 70, 'max_holding_days': 40}"
"{'rsi_window': 3, 'sma_window': 50, 'buy_threshold': 25, 'sell_threshold': 75, 'max_holding_days': 30}",-31.95442644029981,62.33183856502242,892,"{'rsi_window': 3, 'sma_window': 50, 'buy_threshold': 25, 'sell_threshold': 75, 'max_holding_days': 30}"
"{'rsi_window': 4, 'sma_window': 100, 'buy_threshold': 35, 'sell_threshold': 75, 'max_holding_days': 30}",-32.129703430699855,59.29878048780488,656,"{'rsi_window': 4, 'sma_window': 100, 'buy_threshold': 35, 'sell_threshold': 75, 'max_holding_days': 30}"
"{'rsi_window': 4, 'sma_window': 100, 'buy_threshold': 35, 'sell_threshold': 70, 'max_holding_days': 40}",-33.85745824494985,61.80081855388813,733,"{'rsi_window': 4, 'sma_window': 100, 'buy_threshold': 35, 'sell_threshold': 70, 'max_holding_days': 40}"
"{'rsi_window': 3, 'sma_window': 60, 'buy_threshold': 25, 'sell_threshold': 75, 'max_holding_days': 40}",-33.91065988709976,63.00236406619385,846,"{'rsi_window': 3, 'sma_window': 60, 'buy_threshold': 25, 'sell_threshold': 75, 'max_holding_days': 40}"
"{'rsi_window': 4, 'sma_window': 100, 'buy_threshold': 30, 'sell_threshold': 75, 'max_holding_days': 30}",-35.51533789439987,60.40688575899843,639,"{'rsi_window': 4, 'sma_window': 100, 'buy_threshold': 30, 'sell_threshold': 75, 'max_holding_days': 30}"
"{'rsi_window': 5, 'sma_window': 50, 'buy_threshold': 30, 'sell_threshold': 70, 'max_holding_days': 30}",-36.694247909549894,58.88324873096447,591,"{'rsi_window': 5, 'sma_window': 50, 'buy_threshold': 30, 'sell_threshold': 70, 'max_holding_days': 30}"
"{'rsi_window': 4, 'sma_window': 50, 'buy_threshold': 25, 'sell_threshold': 70, 'max_holding_days': 40}",-36.73822490624985,62.44541484716157,687,"{'rsi_window': 4, 'sma_window': 50, 'buy_threshold': 25, 'sell_threshold': 70, 'max_holding_days': 40}"
"{'rsi_window': 4, 'sma_window': 50, 'buy_threshold': 25, 'sell_threshold': 75, 'max_holding_days': 30}",-37.231363924499924,59.3192868719611,617,"{'rsi_window': 4, 'sma_window': 50, 'buy_threshold': 25, 'sell_threshold': 75, 'max_holding_days': 30}"
"{'rsi_window': 3, 'sma_window': 100, 'buy_threshold': 35, 'sell_threshold': 70, 'max_holding_days': 40}",-37.52046747914981,62.53443526170799,1089,"{'rsi_window': 3, 'sma_window': 100, 'buy_threshold': 35, 'sell_threshold': 70, 'max_holding_days': 40}"
"{'rsi_window': 4, 'sma_window': 50, 'buy_threshold': 35, 'sell_threshold': 70, 'max_holding_days': 30}",-38.391000758599844,60.864197530864196,810,"{'rsi_window': 4, 'sma_window': 50, 'buy_threshold': 35, 'sell_threshold': 70, 'max_holding_days': 30}"
"{'rsi_window': 5, 'sma_window': 50, 'buy_threshold': 30, 'sell_threshold': 75, 'max_holding_days': 40}",-39.484073242999926,58.81057268722467,454,"{'rsi_window': 5, 'sma_window': 50, 'buy_threshold': 30, 'sell_threshold': 75, 'max_holding_days': 40}"
"{'rsi_window': 3, 'sma_window': 100, 'buy_threshold': 35, 'sell_threshold': 75, 'max_holding_days': 30}",-39.64478629999977,61.2691466083151,914,"{'rsi_window': 3, 'sma_window': 100, 'buy_threshold': 35, 'sell_threshold': 75, 'max_holding_days': 30}"
"{'rsi_window': 4, 'sma_window': 50, 'buy_threshold': 25, 'sell_threshold': 70, 'max_holding_days': 30}",-40.458542441349834,60.887656033287094,721,"{'rsi_window': 4, 'sma_window': 50, 'buy_threshold': 25, 'sell_threshold': 70, 'max_holding_days': 30}"
"{'rsi_window': 4, 'sma_window': 50, 'buy_threshold': 35, 'sell_threshold': 75, 'max_holding_days': 30}",-41.410538474449815,58.51851851851851,675,"{'rsi_window': 4, 'sma_window': 50, 'buy_threshold': 35, 'sell_threshold': 75, 'max_holding_days': 30}"
"{'rsi_window': 3, 'sma_window': 60, 'buy_threshold': 35, 'sell_threshold': 75, 'max_holding_days': 30}",-43.044403649249745,61.96120689655172,928,"{'rsi_window': 3, 'sma_window': 60, 'buy_threshold': 35, 'sell_threshold': 75, 'max_holding_days': 30}"
"{'rsi_window': 4, 'sma_window': 50, 'buy_threshold': 30, 'sell_threshold': 70, 'max_holding_days': 30}",-43.222201210799795,60.72351421188631,774,"{'rsi_window': 4, 'sma_window': 50, 'buy_threshold': 30, 'sell_threshold': 70, 'max_holding_days': 30}"
"{'rsi_window': 4, 'sma_window': 100, 'buy_threshold': 30, 'sell_threshold': 70, 'max_holding_days': 30}",-44.09644517649986,60.6951871657754,748,"{'rsi_window': 4, 'sma_window': 100, 'buy_threshold': 30, 'sell_threshold': 70, 'max_holding_days': 30}"
"{'rsi_window': 4, 'sma_window': 60, 'buy_threshold': 35, 'sell_threshold': 70, 'max_holding_days': 40}",-44.81446514864984,60.29411764705882,748,"{'rsi_window': 4, 'sma_window': 60, 'buy_threshold': 35, 'sell_threshold': 70, 'max_holding_days': 40}"
"{'rsi_window': 4, 'sma_window': 60, 'buy_threshold': 25, 'sell_threshold': 70, 'max_holding_days': 30}",-49.68903833644981,60.75949367088608,711,"{'rsi_window': 4, 'sma_window': 60, 'buy_threshold': 25, 'sell_threshold': 70, 'max_holding_days': 30}"
"{'rsi_window': 3, 'sma_window': 100, 'buy_threshold': 35, 'sell_threshold': 75, 'max_holding_days': 40}",-49.777267037599856,61.724137931034484,870,"{'rsi_window': 3, 'sma_window': 100, 'buy_threshold': 35, 'sell_threshold': 75, 'max_holding_days': 40}"
"{'rsi_window': 4, 'sma_window': 60, 'buy_threshold': 35, 'sell_threshold': 70, 'max_holding_days': 30}",-50.62214799439977,60.25316455696203,790,"{'rsi_window': 4, 'sma_window': 60, 'buy_threshold': 35, 'sell_threshold': 70, 'max_holding_days': 30}"
"{'rsi_window': 3, 'sma_window': 50, 'buy_threshold': 35, 'sell_threshold': 75, 'max_holding_days': 40}",-56.63147634144982,62.86353467561522,894,"{'rsi_window': 3, 'sma_window': 50, 'buy_threshold': 35, 'sell_threshold': 75, 'max_holding_days': 40}"
"{'rsi_window': 3, 'sma_window': 60, 'buy_threshold': 35, 'sell_threshold': 75, 'max_holding_days': 40}",-60.75331896829989,60.84474885844748,876,"{'rsi_window': 3, 'sma_window': 60, 'buy_threshold': 35, 'sell_threshold': 75, 'max_holding_days': 40}"
"{'rsi_window': 3, 'sma_window': 50, 'buy_threshold': 35, 'sell_threshold': 75, 'max_holding_days': 30}",-63.84896610454982,60.92572658772875,929,"{'rsi_window': 3, 'sma_window': 50, 'buy_threshold': 35, 'sell_threshold': 75, 'max_holding_days': 30}"
